_key,url,price,bed,bath,sqft,address
1,https://shailee-fec-photos.s3-us-west-1.amazonaws.com/fec_photos/photo2.webp,60861608,10,10,23718,"762 Antonietta Union, East Floyland, Missouri"
2,https://shailee-fec-photos.s3-us-west-1.amazonaws.com/fec_photos/photo3.webp,53062438,7,8,44992,"4338 Olson Mill, East Remington, Hawaii"
3,https://shailee-fec-photos.s3-us-west-1.amazonaws.com/fec_photos/photo4.webp,57712628,10,9,16400,"2187 Powlowski Pines, West Mekhi, Maine"
4,https://shailee-fec-photos.s3-us-west-1.amazonaws.com/fec_photos/photo5.webp,93603184,7,13,20273,"1322 Mattie Ports, Oceanefurt, South Dakota"
5,https://shailee-fec-photos.s3-us-west-1.amazonaws.com/fec_photos/photo6.webp,52470820,12,15,23676,"6899 Hagenes Roads, East Tianaview, Vermont"
6,https://shailee-fec-photos.s3-us-west-1.amazonaws.com/fec_photos/photo7.webp,34771002,6,14,18863,"5478 Marvin Hill, Blandafurt, Massachusetts"
7,https://shailee-fec-photos.s3-us-west-1.amazonaws.com/fec_photos/photo8.webp,56461373,6,14,31822,"15470 Trenton Parkways, North Deangelo, Ohio"
8,https://shailee-fec-photos.s3-us-west-1.amazonaws.com/fec_photos/photo9.webp,53541703,5,10,32982,"56616 Davonte Lakes, East Jakayla, Wisconsin"
9,https://shailee-fec-photos.s3-us-west-1.amazonaws.com/fec_photos/photo10.webp,42354577,7,8,28797,"7097 Davis Port, Lake Verniceburgh, West Virginia"
10,https://shailee-fec-photos.s3-us-west-1.amazonaws.com/fec_photos/photo11.webp,86424570,7,14,30349,"03013 Hermann Station, Watersport, Tennessee"
11,https://shailee-fec-photos.s3-us-west-1.amazonaws.com/fec_photos/photo12.webp,66165230,8,15,29520,"185 Sabina Burg, South Norma, Texas"
12,https://shailee-fec-photos.s3-us-west-1.amazonaws.com/fec_photos/photo13.webp,31125272,6,11,30769,"9492 Homenick Islands, Alenaland, New York"
13,https://shailee-fec-photos.s3-us-west-1.amazonaws.com/fec_photos/photo14.webp,96191176,8,10,18834,"715 Hyman Skyway, Lake Gilbertoburgh, Michigan"
14,https://shailee-fec-photos.s3-us-west-1.amazonaws.com/fec_photos/photo15.webp,101447728,9,13,21343,"704 Virginie Court, South Leonorchester, Georgia"
15,https://shailee-fec-photos.s3-us-west-1.amazonaws.com/fec_photos/photo16.webp,114321888,12,8,21286,"3695 Baron Crossing, New Garry, New York"
16,https://shailee-fec-photos.s3-us-west-1.amazonaws.com/fec_photos/photo17.webp,89552332,5,8,37078,"4605 Waelchi Trail, North Ramonview, Maryland"
17,https://shailee-fec-photos.s3-us-west-1.amazonaws.com/fec_photos/photo18.webp,87200315,11,14,36200,"220 Hudson Park, Lake Brandoville, Maine"
18,https://shailee-fec-photos.s3-us-west-1.amazonaws.com/fec_photos/photo19.webp,110196485,8,13,18772,"917 Medhurst Drives, East Tristian, Rhode Island"
19,https://shailee-fec-photos.s3-us-west-1.amazonaws.com/fec_photos/photo20.webp,41990903,11,11,19869,"9041 Devon Highway, Flavieland, Illinois"
20,https://shailee-fec-photos.s3-us-west-1.amazonaws.com/fec_photos/photo21.webp,72329788,12,12,15491,"737 Lynch Estate, Americoland, Montana"
21,https://shailee-fec-photos.s3-us-west-1.amazonaws.com/fec_photos/photo22.webp,84585138,10,13,38698,"1825 Hand Hollow, North Ervin, New Mexico"
22,https://shailee-fec-photos.s3-us-west-1.amazonaws.com/fec_photos/photo23.webp,107068183,11,10,21650,"7368 Kris Plaza, Port Rylanton, Tennessee"
23,https://shailee-fec-photos.s3-us-west-1.amazonaws.com/fec_photos/photo24.webp,107048705,6,13,22569,"3039 Anjali Drive, East Murieltown, Maryland"
24,https://shailee-fec-photos.s3-us-west-1.amazonaws.com/fec_photos/photo25.webp,50849893,12,10,37487,"3094 Max Corner, Lilastad, North Dakota"
25,https://shailee-fec-photos.s3-us-west-1.amazonaws.com/fec_photos/photo26.webp,104156289,11,15,44102,"639 Heathcote Isle, Lorenaborough, Louisiana"
26,https://shailee-fec-photos.s3-us-west-1.amazonaws.com/fec_photos/photo27.webp,48789416,6,9,41087,"678 Clay Locks, Port Reid, Massachusetts"
27,https://shailee-fec-photos.s3-us-west-1.amazonaws.com/fec_photos/photo28.webp,96460768,8,9,30942,"2747 Miller Motorway, Wisokystad, Nevada"
28,https://shailee-fec-photos.s3-us-west-1.amazonaws.com/fec_photos/photo29.webp,49474365,11,11,26935,"81082 Edwin Unions, Donnellstad, Rhode Island"
29,https://shailee-fec-photos.s3-us-west-1.amazonaws.com/fec_photos/photo30.webp,43335100,7,9,44472,"02226 Lois Overpass, Funkborough, Texas"
30,https://shailee-fec-photos.s3-us-west-1.amazonaws.com/fec_photos/photo31.webp,82115506,5,9,25617,"0524 MacGyver Views, Rowenaton, Utah"
31,https://shailee-fec-photos.s3-us-west-1.amazonaws.com/fec_photos/photo32.webp,109941484,11,10,44084,"115 Carter Place, South Asia, Alabama"
32,https://shailee-fec-photos.s3-us-west-1.amazonaws.com/fec_photos/photo33.webp,83210238,6,10,19461,"8832 Ernestine Park, Marianfurt, Maryland"
33,https://shailee-fec-photos.s3-us-west-1.amazonaws.com/fec_photos/photo34.webp,63600758,12,12,23105,"471 Walter Stream, West Jovanifort, Nebraska"
34,https://shailee-fec-photos.s3-us-west-1.amazonaws.com/fec_photos/photo35.webp,69709424,8,9,27415,"364 Gerda Turnpike, Mrazside, Alaska"
35,https://shailee-fec-photos.s3-us-west-1.amazonaws.com/fec_photos/photo36.webp,73033195,11,14,32754,"927 Crist Locks, Brakusmouth, Arkansas"
36,https://shailee-fec-photos.s3-us-west-1.amazonaws.com/fec_photos/photo37.webp,83946294,11,11,28935,"65919 Anderson Keys, Nikkoburgh, South Dakota"
37,https://shailee-fec-photos.s3-us-west-1.amazonaws.com/fec_photos/photo38.webp,27928051,7,8,37758,"213 Kassulke Road, Rathville, Vermont"
38,https://shailee-fec-photos.s3-us-west-1.amazonaws.com/fec_photos/photo39.webp,108702346,8,14,16784,"6910 Hailee Mountains, Jodyberg, Kentucky"
39,https://shailee-fec-photos.s3-us-west-1.amazonaws.com/fec_photos/photo40.webp,93395411,11,11,23803,"5175 Shawn Shoals, Rosalindaville, South Carolina"
40,https://shailee-fec-photos.s3-us-west-1.amazonaws.com/fec_photos/photo41.webp,77193561,8,12,35188,"041 Mertz Parkways, Homenickfort, Wyoming"
41,https://shailee-fec-photos.s3-us-west-1.amazonaws.com/fec_photos/photo42.webp,107602148,11,13,44454,"8368 Bechtelar Orchard, West Jaydemouth, Virginia"
42,https://shailee-fec-photos.s3-us-west-1.amazonaws.com/fec_photos/photo43.webp,75028591,5,8,44767,"84888 Gwen Circles, North Dorcas, Virginia"
43,https://shailee-fec-photos.s3-us-west-1.amazonaws.com/fec_photos/photo44.webp,105368193,12,9,21950,"1869 Rosenbaum Knolls, East Jamiebury, Illinois"
44,https://shailee-fec-photos.s3-us-west-1.amazonaws.com/fec_photos/photo45.webp,40734098,12,8,35053,"74084 Ransom Junctions, Walterfort, Minnesota"
45,https://shailee-fec-photos.s3-us-west-1.amazonaws.com/fec_photos/photo46.webp,58491556,6,14,43230,"81412 Schuster Corner, Corwinhaven, Iowa"
46,https://shailee-fec-photos.s3-us-west-1.amazonaws.com/fec_photos/photo47.webp,94293071,8,12,21465,"507 Sophie Loop, East Jarenborough, Alabama"
47,https://shailee-fec-photos.s3-us-west-1.amazonaws.com/fec_photos/photo48.webp,117119036,7,8,24460,"78044 Adrienne Roads, East Kieranfort, Hawaii"
48,https://shailee-fec-photos.s3-us-west-1.amazonaws.com/fec_photos/photo49.webp,73127596,9,9,32937,"569 Dach Burgs, New Victor, Ohio"
49,https://shailee-fec-photos.s3-us-west-1.amazonaws.com/fec_photos/photo50.webp,96578807,8,14,22658,"344 Al Ferry, New Aniyaville, South Carolina"
50,https://shailee-fec-photos.s3-us-west-1.amazonaws.com/fec_photos/photo51.webp,83652660,10,10,20361,"970 Freeda Trail, Faheyville, Connecticut"
51,https://shailee-fec-photos.s3-us-west-1.amazonaws.com/fec_photos/photo52.webp,118114199,7,9,15848,"762 Antonietta Union, East Floyland, Missouri"
52,https://shailee-fec-photos.s3-us-west-1.amazonaws.com/fec_photos/photo53.webp,27182194,7,13,15749,"4338 Olson Mill, East Remington, Hawaii"
53,https://shailee-fec-photos.s3-us-west-1.amazonaws.com/fec_photos/photo54.webp,93835170,5,9,25654,"2187 Powlowski Pines, West Mekhi, Maine"
54,https://shailee-fec-photos.s3-us-west-1.amazonaws.com/fec_photos/photo55.webp,38247524,6,9,31400,"1322 Mattie Ports, Oceanefurt, South Dakota"
55,https://shailee-fec-photos.s3-us-west-1.amazonaws.com/fec_photos/photo56.webp,93654151,6,9,19887,"6899 Hagenes Roads, East Tianaview, Vermont"
56,https://shailee-fec-photos.s3-us-west-1.amazonaws.com/fec_photos/photo57.webp,22123953,11,15,21168,"5478 Marvin Hill, Blandafurt, Massachusetts"
57,https://shailee-fec-photos.s3-us-west-1.amazonaws.com/fec_photos/photo58.webp,60699799,9,15,27154,"15470 Trenton Parkways, North Deangelo, Ohio"
58,https://shailee-fec-photos.s3-us-west-1.amazonaws.com/fec_photos/photo59.webp,107896877,5,8,27926,"56616 Davonte Lakes, East Jakayla, Wisconsin"
59,https://shailee-fec-photos.s3-us-west-1.amazonaws.com/fec_photos/photo60.webp,113006950,12,8,30475,"7097 Davis Port, Lake Verniceburgh, West Virginia"
60,https://shailee-fec-photos.s3-us-west-1.amazonaws.com/fec_photos/photo1.webp,83463881,10,12,32358,"03013 Hermann Station, Watersport, Tennessee"
61,https://shailee-fec-photos.s3-us-west-1.amazonaws.com/fec_photos/photo2.webp,65109671,11,12,39750,"185 Sabina Burg, South Norma, Texas"
62,https://shailee-fec-photos.s3-us-west-1.amazonaws.com/fec_photos/photo3.webp,69709143,9,13,20019,"9492 Homenick Islands, Alenaland, New York"
63,https://shailee-fec-photos.s3-us-west-1.amazonaws.com/fec_photos/photo4.webp,67639106,10,9,18712,"715 Hyman Skyway, Lake Gilbertoburgh, Michigan"
64,https://shailee-fec-photos.s3-us-west-1.amazonaws.com/fec_photos/photo5.webp,81973770,10,11,35229,"704 Virginie Court, South Leonorchester, Georgia"
65,https://shailee-fec-photos.s3-us-west-1.amazonaws.com/fec_photos/photo6.webp,52535822,10,10,30764,"3695 Baron Crossing, New Garry, New York"
66,https://shailee-fec-photos.s3-us-west-1.amazonaws.com/fec_photos/photo7.webp,24448876,12,12,29957,"4605 Waelchi Trail, North Ramonview, Maryland"
67,https://shailee-fec-photos.s3-us-west-1.amazonaws.com/fec_photos/photo8.webp,44068913,12,8,23025,"220 Hudson Park, Lake Brandoville, Maine"
68,https://shailee-fec-photos.s3-us-west-1.amazonaws.com/fec_photos/photo9.webp,119181028,9,14,27480,"917 Medhurst Drives, East Tristian, Rhode Island"
69,https://shailee-fec-photos.s3-us-west-1.amazonaws.com/fec_photos/photo10.webp,102633703,10,14,34338,"9041 Devon Highway, Flavieland, Illinois"
70,https://shailee-fec-photos.s3-us-west-1.amazonaws.com/fec_photos/photo11.webp,37220095,11,10,44972,"737 Lynch Estate, Americoland, Montana"
71,https://shailee-fec-photos.s3-us-west-1.amazonaws.com/fec_photos/photo12.webp,53229302,8,11,23743,"1825 Hand Hollow, North Ervin, New Mexico"
72,https://shailee-fec-photos.s3-us-west-1.amazonaws.com/fec_photos/photo13.webp,84945800,10,12,31734,"7368 Kris Plaza, Port Rylanton, Tennessee"
73,https://shailee-fec-photos.s3-us-west-1.amazonaws.com/fec_photos/photo14.webp,108103890,11,14,16281,"3039 Anjali Drive, East Murieltown, Maryland"
74,https://shailee-fec-photos.s3-us-west-1.amazonaws.com/fec_photos/photo15.webp,119195602,5,14,29313,"3094 Max Corner, Lilastad, North Dakota"
75,https://shailee-fec-photos.s3-us-west-1.amazonaws.com/fec_photos/photo16.webp,48645431,6,9,27548,"639 Heathcote Isle, Lorenaborough, Louisiana"
76,https://shailee-fec-photos.s3-us-west-1.amazonaws.com/fec_photos/photo17.webp,20613073,11,14,33393,"678 Clay Locks, Port Reid, Massachusetts"
77,https://shailee-fec-photos.s3-us-west-1.amazonaws.com/fec_photos/photo18.webp,86253697,9,8,18109,"2747 Miller Motorway, Wisokystad, Nevada"
78,https://shailee-fec-photos.s3-us-west-1.amazonaws.com/fec_photos/photo19.webp,84383979,12,13,20291,"81082 Edwin Unions, Donnellstad, Rhode Island"
79,https://shailee-fec-photos.s3-us-west-1.amazonaws.com/fec_photos/photo20.webp,59890396,11,11,23393,"02226 Lois Overpass, Funkborough, Texas"
80,https://shailee-fec-photos.s3-us-west-1.amazonaws.com/fec_photos/photo21.webp,52664674,5,8,19202,"0524 MacGyver Views, Rowenaton, Utah"
81,https://shailee-fec-photos.s3-us-west-1.amazonaws.com/fec_photos/photo22.webp,114463084,7,15,15177,"115 Carter Place, South Asia, Alabama"
82,https://shailee-fec-photos.s3-us-west-1.amazonaws.com/fec_photos/photo23.webp,52355268,9,9,41557,"8832 Ernestine Park, Marianfurt, Maryland"
83,https://shailee-fec-photos.s3-us-west-1.amazonaws.com/fec_photos/photo24.webp,35489697,11,11,33467,"471 Walter Stream, West Jovanifort, Nebraska"
84,https://shailee-fec-photos.s3-us-west-1.amazonaws.com/fec_photos/photo25.webp,25905759,5,11,24008,"364 Gerda Turnpike, Mrazside, Alaska"
85,https://shailee-fec-photos.s3-us-west-1.amazonaws.com/fec_photos/photo26.webp,64740048,5,15,33292,"927 Crist Locks, Brakusmouth, Arkansas"
86,https://shailee-fec-photos.s3-us-west-1.amazonaws.com/fec_photos/photo27.webp,74926073,12,8,39589,"65919 Anderson Keys, Nikkoburgh, South Dakota"
87,https://shailee-fec-photos.s3-us-west-1.amazonaws.com/fec_photos/photo28.webp,87481678,6,8,33629,"213 Kassulke Road, Rathville, Vermont"
88,https://shailee-fec-photos.s3-us-west-1.amazonaws.com/fec_photos/photo29.webp,50185852,6,15,16947,"6910 Hailee Mountains, Jodyberg, Kentucky"
89,https://shailee-fec-photos.s3-us-west-1.amazonaws.com/fec_photos/photo30.webp,46486881,8,15,41011,"5175 Shawn Shoals, Rosalindaville, South Carolina"
90,https://shailee-fec-photos.s3-us-west-1.amazonaws.com/fec_photos/photo31.webp,72002306,11,15,28666,"041 Mertz Parkways, Homenickfort, Wyoming"
91,https://shailee-fec-photos.s3-us-west-1.amazonaws.com/fec_photos/photo32.webp,91710552,10,15,27814,"8368 Bechtelar Orchard, West Jaydemouth, Virginia"
92,https://shailee-fec-photos.s3-us-west-1.amazonaws.com/fec_photos/photo33.webp,107466935,7,15,18171,"84888 Gwen Circles, North Dorcas, Virginia"
93,https://shailee-fec-photos.s3-us-west-1.amazonaws.com/fec_photos/photo34.webp,110017986,7,14,34820,"1869 Rosenbaum Knolls, East Jamiebury, Illinois"
94,https://shailee-fec-photos.s3-us-west-1.amazonaws.com/fec_photos/photo35.webp,68006630,12,9,29794,"74084 Ransom Junctions, Walterfort, Minnesota"
95,https://shailee-fec-photos.s3-us-west-1.amazonaws.com/fec_photos/photo36.webp,23545538,11,8,18136,"81412 Schuster Corner, Corwinhaven, Iowa"
96,https://shailee-fec-photos.s3-us-west-1.amazonaws.com/fec_photos/photo37.webp,90948751,11,14,16329,"507 Sophie Loop, East Jarenborough, Alabama"
97,https://shailee-fec-photos.s3-us-west-1.amazonaws.com/fec_photos/photo38.webp,79925315,11,9,40999,"78044 Adrienne Roads, East Kieranfort, Hawaii"
98,https://shailee-fec-photos.s3-us-west-1.amazonaws.com/fec_photos/photo39.webp,72801768,11,14,19352,"569 Dach Burgs, New Victor, Ohio"
99,https://shailee-fec-photos.s3-us-west-1.amazonaws.com/fec_photos/photo40.webp,106132718,5,8,28971,"344 Al Ferry, New Aniyaville, South Carolina"
100,https://shailee-fec-photos.s3-us-west-1.amazonaws.com/fec_photos/photo41.webp,69370956,11,8,21895,"970 Freeda Trail, Faheyville, Connecticut"
