id,url,price,bed,bath,sqft,address
1,https://shailee-fec-photos.s3-us-west-1.amazonaws.com/fec_photos/photo2.webp,24564736,7,15,32190,"0850 Alda Circles, Ferrybury, Connecticut"
2,https://shailee-fec-photos.s3-us-west-1.amazonaws.com/fec_photos/photo3.webp,96547523,5,9,42548,"5211 Raphael Stravenue, Laurenmouth, Mississippi"
3,https://shailee-fec-photos.s3-us-west-1.amazonaws.com/fec_photos/photo4.webp,76029108,12,9,26668,"27104 Francis Falls, South Josefa, Tennessee"
4,https://shailee-fec-photos.s3-us-west-1.amazonaws.com/fec_photos/photo5.webp,106739594,6,15,15986,"451 Hermiston Islands, Port Herminaborough, Rhode Island"
5,https://shailee-fec-photos.s3-us-west-1.amazonaws.com/fec_photos/photo6.webp,50516727,7,12,19876,"64370 Marcus River, South Enoch, Maryland"
6,https://shailee-fec-photos.s3-us-west-1.amazonaws.com/fec_photos/photo7.webp,28706553,12,13,44443,"50071 Marcelle Parks, Scottyview, Mississippi"
7,https://shailee-fec-photos.s3-us-west-1.amazonaws.com/fec_photos/photo8.webp,97459222,12,12,20607,"10861 Arden Vista, South Jacintheland, Iowa"
8,https://shailee-fec-photos.s3-us-west-1.amazonaws.com/fec_photos/photo9.webp,38755883,5,11,42201,"93504 Hilton Mountain, Ervinview, Ohio"
9,https://shailee-fec-photos.s3-us-west-1.amazonaws.com/fec_photos/photo10.webp,95027982,6,14,30114,"708 Kuhlman Mountains, Emelyborough, Missouri"
10,https://shailee-fec-photos.s3-us-west-1.amazonaws.com/fec_photos/photo11.webp,63792429,12,8,42816,"05646 Jakubowski Drive, Strackemouth, Alabama"
11,https://shailee-fec-photos.s3-us-west-1.amazonaws.com/fec_photos/photo12.webp,59149637,8,9,30612,"7595 Alexys Dam, South Aureliabury, Pennsylvania"
12,https://shailee-fec-photos.s3-us-west-1.amazonaws.com/fec_photos/photo13.webp,101257050,12,13,26208,"75144 Emmerich Crossing, East Quintonview, Kentucky"
13,https://shailee-fec-photos.s3-us-west-1.amazonaws.com/fec_photos/photo14.webp,23105734,7,11,16389,"42704 Emile Islands, Johathanfurt, Maine"
14,https://shailee-fec-photos.s3-us-west-1.amazonaws.com/fec_photos/photo15.webp,52464815,11,12,32429,"05719 Esther Pike, Schultztown, South Carolina"
15,https://shailee-fec-photos.s3-us-west-1.amazonaws.com/fec_photos/photo16.webp,87841573,5,8,43732,"252 Destinee Ville, West Annamarieside, Alabama"
16,https://shailee-fec-photos.s3-us-west-1.amazonaws.com/fec_photos/photo17.webp,59616186,12,14,41375,"18733 Kulas Lane, Port Marty, New Hampshire"
17,https://shailee-fec-photos.s3-us-west-1.amazonaws.com/fec_photos/photo18.webp,49511376,11,11,41701,"84935 Boehm Island, Port Burnice, Montana"
18,https://shailee-fec-photos.s3-us-west-1.amazonaws.com/fec_photos/photo19.webp,102554474,6,15,32181,"03026 Kling Fort, East Davin, Indiana"
19,https://shailee-fec-photos.s3-us-west-1.amazonaws.com/fec_photos/photo20.webp,29452657,10,10,38502,"662 Konopelski Parkway, North Cristalfort, Maryland"
20,https://shailee-fec-photos.s3-us-west-1.amazonaws.com/fec_photos/photo21.webp,21175374,9,8,31389,"8697 Batz Mews, Margretberg, Delaware"
21,https://shailee-fec-photos.s3-us-west-1.amazonaws.com/fec_photos/photo22.webp,105737184,7,8,37261,"57544 Fay Village, New Edwina, California"
22,https://shailee-fec-photos.s3-us-west-1.amazonaws.com/fec_photos/photo23.webp,108026181,6,15,36095,"5187 Yoshiko Manors, New Johann, Massachusetts"
23,https://shailee-fec-photos.s3-us-west-1.amazonaws.com/fec_photos/photo24.webp,91171723,7,9,21541,"316 Kling Knolls, Lake Wendellside, Texas"
24,https://shailee-fec-photos.s3-us-west-1.amazonaws.com/fec_photos/photo25.webp,21787330,9,8,44523,"2871 O'Hara Mount, North Westley, Oregon"
25,https://shailee-fec-photos.s3-us-west-1.amazonaws.com/fec_photos/photo26.webp,78177488,6,10,17435,"543 Nitzsche Falls, Lockmanville, Illinois"
26,https://shailee-fec-photos.s3-us-west-1.amazonaws.com/fec_photos/photo27.webp,36456073,10,12,43359,"459 Gonzalo Road, Lake Josh, Delaware"
27,https://shailee-fec-photos.s3-us-west-1.amazonaws.com/fec_photos/photo28.webp,39588080,7,13,32921,"722 Senger Lock, West Alvah, Pennsylvania"
28,https://shailee-fec-photos.s3-us-west-1.amazonaws.com/fec_photos/photo29.webp,63046895,12,11,21416,"05158 Padberg Greens, East Timmyside, Ohio"
29,https://shailee-fec-photos.s3-us-west-1.amazonaws.com/fec_photos/photo30.webp,107254589,12,12,30461,"439 Ilene Branch, Port Anyaville, Maryland"
30,https://shailee-fec-photos.s3-us-west-1.amazonaws.com/fec_photos/photo31.webp,92073968,8,15,19178,"16349 Alicia Passage, East Svenhaven, Rhode Island"
31,https://shailee-fec-photos.s3-us-west-1.amazonaws.com/fec_photos/photo32.webp,71517442,8,11,23351,"56515 Balistreri Flat, North Ocieville, Texas"
32,https://shailee-fec-photos.s3-us-west-1.amazonaws.com/fec_photos/photo33.webp,52674997,7,10,36790,"423 Douglas Trace, Glovermouth, Hawaii"
33,https://shailee-fec-photos.s3-us-west-1.amazonaws.com/fec_photos/photo34.webp,38360233,6,13,42133,"3438 Schowalter Drive, Lake Harrison, Pennsylvania"
34,https://shailee-fec-photos.s3-us-west-1.amazonaws.com/fec_photos/photo35.webp,32958591,7,15,23425,"883 Karson Rapid, Lake Frankie, Colorado"
35,https://shailee-fec-photos.s3-us-west-1.amazonaws.com/fec_photos/photo36.webp,110842571,8,11,16063,"51831 Ashtyn Via, Serenamouth, Vermont"
36,https://shailee-fec-photos.s3-us-west-1.amazonaws.com/fec_photos/photo37.webp,63023945,8,9,37532,"695 Archibald Isle, East Patrickfort, New Hampshire"
37,https://shailee-fec-photos.s3-us-west-1.amazonaws.com/fec_photos/photo38.webp,86485574,6,10,40070,"936 Lowe Center, Schowalterport, Iowa"
38,https://shailee-fec-photos.s3-us-west-1.amazonaws.com/fec_photos/photo39.webp,23756338,7,10,35872,"47112 Blair Mountains, Lavinaville, Utah"
39,https://shailee-fec-photos.s3-us-west-1.amazonaws.com/fec_photos/photo40.webp,101595935,7,9,24815,"428 Grady Isle, Auertown, South Carolina"
40,https://shailee-fec-photos.s3-us-west-1.amazonaws.com/fec_photos/photo41.webp,72331279,9,9,29237,"886 Abelardo Center, Emeryside, Rhode Island"
41,https://shailee-fec-photos.s3-us-west-1.amazonaws.com/fec_photos/photo42.webp,65470597,7,9,26565,"905 Kuvalis Station, West Aurelieland, Ohio"
42,https://shailee-fec-photos.s3-us-west-1.amazonaws.com/fec_photos/photo43.webp,54114456,9,14,43191,"78306 Wilton Rue, Hackettville, New Mexico"
43,https://shailee-fec-photos.s3-us-west-1.amazonaws.com/fec_photos/photo44.webp,101238614,7,8,41155,"7661 Kunde Route, West Shemarburgh, Georgia"
44,https://shailee-fec-photos.s3-us-west-1.amazonaws.com/fec_photos/photo45.webp,74798642,5,13,43797,"833 Medhurst Creek, Port Marcellehaven, Kentucky"
45,https://shailee-fec-photos.s3-us-west-1.amazonaws.com/fec_photos/photo46.webp,111154929,9,14,34663,"61977 Hansen Island, McDermottfort, Massachusetts"
46,https://shailee-fec-photos.s3-us-west-1.amazonaws.com/fec_photos/photo47.webp,90801923,9,11,39537,"36539 Jacklyn Vista, Rohanville, Arkansas"
47,https://shailee-fec-photos.s3-us-west-1.amazonaws.com/fec_photos/photo48.webp,64975898,12,13,23707,"043 Clovis Canyon, New Mittieburgh, Louisiana"
48,https://shailee-fec-photos.s3-us-west-1.amazonaws.com/fec_photos/photo49.webp,33423404,10,9,40058,"3427 DuBuque Tunnel, Sporerton, Rhode Island"
49,https://shailee-fec-photos.s3-us-west-1.amazonaws.com/fec_photos/photo50.webp,40974935,8,11,40564,"64402 Norval Corner, Lucilechester, Nevada"
50,https://shailee-fec-photos.s3-us-west-1.amazonaws.com/fec_photos/photo51.webp,45853012,8,10,43756,"607 Casper Prairie, Leschmouth, Tennessee"
51,https://shailee-fec-photos.s3-us-west-1.amazonaws.com/fec_photos/photo52.webp,54527587,10,10,26024,"0850 Alda Circles, Ferrybury, Connecticut"
52,https://shailee-fec-photos.s3-us-west-1.amazonaws.com/fec_photos/photo53.webp,72297861,11,9,22974,"5211 Raphael Stravenue, Laurenmouth, Mississippi"
53,https://shailee-fec-photos.s3-us-west-1.amazonaws.com/fec_photos/photo54.webp,111645378,6,12,39094,"27104 Francis Falls, South Josefa, Tennessee"
54,https://shailee-fec-photos.s3-us-west-1.amazonaws.com/fec_photos/photo55.webp,55916198,9,12,21819,"451 Hermiston Islands, Port Herminaborough, Rhode Island"
55,https://shailee-fec-photos.s3-us-west-1.amazonaws.com/fec_photos/photo56.webp,84908386,11,11,38857,"64370 Marcus River, South Enoch, Maryland"
56,https://shailee-fec-photos.s3-us-west-1.amazonaws.com/fec_photos/photo57.webp,105150270,6,15,23725,"50071 Marcelle Parks, Scottyview, Mississippi"
57,https://shailee-fec-photos.s3-us-west-1.amazonaws.com/fec_photos/photo58.webp,45250791,5,10,28765,"10861 Arden Vista, South Jacintheland, Iowa"
58,https://shailee-fec-photos.s3-us-west-1.amazonaws.com/fec_photos/photo59.webp,63393877,9,12,16301,"93504 Hilton Mountain, Ervinview, Ohio"
59,https://shailee-fec-photos.s3-us-west-1.amazonaws.com/fec_photos/photo60.webp,86991022,12,15,27518,"708 Kuhlman Mountains, Emelyborough, Missouri"
60,https://shailee-fec-photos.s3-us-west-1.amazonaws.com/fec_photos/photo1.webp,36385503,7,11,15890,"05646 Jakubowski Drive, Strackemouth, Alabama"
61,https://shailee-fec-photos.s3-us-west-1.amazonaws.com/fec_photos/photo2.webp,66573603,8,15,38982,"7595 Alexys Dam, South Aureliabury, Pennsylvania"
62,https://shailee-fec-photos.s3-us-west-1.amazonaws.com/fec_photos/photo3.webp,75828174,8,14,25388,"75144 Emmerich Crossing, East Quintonview, Kentucky"
63,https://shailee-fec-photos.s3-us-west-1.amazonaws.com/fec_photos/photo4.webp,82018979,11,9,44160,"42704 Emile Islands, Johathanfurt, Maine"
64,https://shailee-fec-photos.s3-us-west-1.amazonaws.com/fec_photos/photo5.webp,39524347,5,15,21992,"05719 Esther Pike, Schultztown, South Carolina"
65,https://shailee-fec-photos.s3-us-west-1.amazonaws.com/fec_photos/photo6.webp,39221320,5,12,35213,"252 Destinee Ville, West Annamarieside, Alabama"
66,https://shailee-fec-photos.s3-us-west-1.amazonaws.com/fec_photos/photo7.webp,59195099,10,14,35925,"18733 Kulas Lane, Port Marty, New Hampshire"
67,https://shailee-fec-photos.s3-us-west-1.amazonaws.com/fec_photos/photo8.webp,118559469,12,15,23005,"84935 Boehm Island, Port Burnice, Montana"
68,https://shailee-fec-photos.s3-us-west-1.amazonaws.com/fec_photos/photo9.webp,44753136,12,10,19883,"03026 Kling Fort, East Davin, Indiana"
69,https://shailee-fec-photos.s3-us-west-1.amazonaws.com/fec_photos/photo10.webp,32296407,9,8,18116,"662 Konopelski Parkway, North Cristalfort, Maryland"
70,https://shailee-fec-photos.s3-us-west-1.amazonaws.com/fec_photos/photo11.webp,89546266,9,15,27090,"8697 Batz Mews, Margretberg, Delaware"
71,https://shailee-fec-photos.s3-us-west-1.amazonaws.com/fec_photos/photo12.webp,36179129,6,13,43140,"57544 Fay Village, New Edwina, California"
72,https://shailee-fec-photos.s3-us-west-1.amazonaws.com/fec_photos/photo13.webp,61606737,10,12,29321,"5187 Yoshiko Manors, New Johann, Massachusetts"
73,https://shailee-fec-photos.s3-us-west-1.amazonaws.com/fec_photos/photo14.webp,22956628,5,11,33189,"316 Kling Knolls, Lake Wendellside, Texas"
74,https://shailee-fec-photos.s3-us-west-1.amazonaws.com/fec_photos/photo15.webp,81231093,8,14,36745,"2871 O'Hara Mount, North Westley, Oregon"
75,https://shailee-fec-photos.s3-us-west-1.amazonaws.com/fec_photos/photo16.webp,86348014,12,13,22817,"543 Nitzsche Falls, Lockmanville, Illinois"
76,https://shailee-fec-photos.s3-us-west-1.amazonaws.com/fec_photos/photo17.webp,25786239,9,15,17757,"459 Gonzalo Road, Lake Josh, Delaware"
77,https://shailee-fec-photos.s3-us-west-1.amazonaws.com/fec_photos/photo18.webp,81544852,6,13,43987,"722 Senger Lock, West Alvah, Pennsylvania"
78,https://shailee-fec-photos.s3-us-west-1.amazonaws.com/fec_photos/photo19.webp,43845129,10,10,26419,"05158 Padberg Greens, East Timmyside, Ohio"
79,https://shailee-fec-photos.s3-us-west-1.amazonaws.com/fec_photos/photo20.webp,84710146,9,15,23268,"439 Ilene Branch, Port Anyaville, Maryland"
80,https://shailee-fec-photos.s3-us-west-1.amazonaws.com/fec_photos/photo21.webp,33892514,8,13,31700,"16349 Alicia Passage, East Svenhaven, Rhode Island"
81,https://shailee-fec-photos.s3-us-west-1.amazonaws.com/fec_photos/photo22.webp,58450060,6,14,27094,"56515 Balistreri Flat, North Ocieville, Texas"
82,https://shailee-fec-photos.s3-us-west-1.amazonaws.com/fec_photos/photo23.webp,52631825,8,10,21872,"423 Douglas Trace, Glovermouth, Hawaii"
83,https://shailee-fec-photos.s3-us-west-1.amazonaws.com/fec_photos/photo24.webp,86230759,11,8,17016,"3438 Schowalter Drive, Lake Harrison, Pennsylvania"
84,https://shailee-fec-photos.s3-us-west-1.amazonaws.com/fec_photos/photo25.webp,98161320,12,10,22872,"883 Karson Rapid, Lake Frankie, Colorado"
85,https://shailee-fec-photos.s3-us-west-1.amazonaws.com/fec_photos/photo26.webp,117560190,11,10,33871,"51831 Ashtyn Via, Serenamouth, Vermont"
86,https://shailee-fec-photos.s3-us-west-1.amazonaws.com/fec_photos/photo27.webp,91880416,11,10,19236,"695 Archibald Isle, East Patrickfort, New Hampshire"
87,https://shailee-fec-photos.s3-us-west-1.amazonaws.com/fec_photos/photo28.webp,80741555,11,9,29768,"936 Lowe Center, Schowalterport, Iowa"
88,https://shailee-fec-photos.s3-us-west-1.amazonaws.com/fec_photos/photo29.webp,57758019,9,13,37644,"47112 Blair Mountains, Lavinaville, Utah"
89,https://shailee-fec-photos.s3-us-west-1.amazonaws.com/fec_photos/photo30.webp,91648976,7,13,17420,"428 Grady Isle, Auertown, South Carolina"
90,https://shailee-fec-photos.s3-us-west-1.amazonaws.com/fec_photos/photo31.webp,98450637,12,10,20444,"886 Abelardo Center, Emeryside, Rhode Island"
91,https://shailee-fec-photos.s3-us-west-1.amazonaws.com/fec_photos/photo32.webp,115255871,6,14,22246,"905 Kuvalis Station, West Aurelieland, Ohio"
92,https://shailee-fec-photos.s3-us-west-1.amazonaws.com/fec_photos/photo33.webp,42725222,7,9,30540,"78306 Wilton Rue, Hackettville, New Mexico"
93,https://shailee-fec-photos.s3-us-west-1.amazonaws.com/fec_photos/photo34.webp,99106275,6,11,18743,"7661 Kunde Route, West Shemarburgh, Georgia"
94,https://shailee-fec-photos.s3-us-west-1.amazonaws.com/fec_photos/photo35.webp,49755916,9,9,23845,"833 Medhurst Creek, Port Marcellehaven, Kentucky"
95,https://shailee-fec-photos.s3-us-west-1.amazonaws.com/fec_photos/photo36.webp,95290973,12,12,41822,"61977 Hansen Island, McDermottfort, Massachusetts"
96,https://shailee-fec-photos.s3-us-west-1.amazonaws.com/fec_photos/photo37.webp,96684041,7,15,30293,"36539 Jacklyn Vista, Rohanville, Arkansas"
97,https://shailee-fec-photos.s3-us-west-1.amazonaws.com/fec_photos/photo38.webp,114098731,10,11,21715,"043 Clovis Canyon, New Mittieburgh, Louisiana"
98,https://shailee-fec-photos.s3-us-west-1.amazonaws.com/fec_photos/photo39.webp,101448776,9,9,43956,"3427 DuBuque Tunnel, Sporerton, Rhode Island"
99,https://shailee-fec-photos.s3-us-west-1.amazonaws.com/fec_photos/photo40.webp,23644047,11,14,29402,"64402 Norval Corner, Lucilechester, Nevada"
100,https://shailee-fec-photos.s3-us-west-1.amazonaws.com/fec_photos/photo41.webp,58167974,7,15,38495,"607 Casper Prairie, Leschmouth, Tennessee"
